{
   "boorus" : [
      {
         "base_url" : "http://gelbooru.com",
         "cache_path" : "cache/Gelbooru/",
         "download_path" : "downloads/Gelbooru/",
         "index" : 0,
         "name" : "Gelbooru",
         "search_file_path" : "cache/Gelbooru/search.json",
         "search_url" : "http://gelbooru.com/index.php?page=dapi&json=1&s=post&q=index",
         "show_index_url" : "http://gelbooru.com/index.php?page=post&s=view&id=",
         "siteTypeInt" : 1,
         "site_type_string" : "gelbooru",
         "tag_file_path" : "conf/tagsGelbooru.json",
         "tag_url" : "http://gelbooru.com/index.php?page=dapi&s=tag&q=index&order=name&limit=0"
      },
      {
         "base_url" : "http://yande.re",
         "cache_path" : "cache/Yandere/",
         "download_path" : "downloads/Yandere/",
         "index" : 1,
         "name" : "Yandere",
         "search_file_path" : "cache/Yandere/post.json",
         "search_url" : "http://yande.re/post.json",
         "show_index_url" : "http://yande.re/post/show/",
         "siteTypeInt" : 2,
         "site_type_string" : "moebooru",
         "tag_file_path" : "conf/tagsYandere.json",
         "tag_url" : "http://yande.re/tag.json?limit=0"
      },
      {
         "base_url" : "http://konachan.com",
         "cache_path" : "cache/Konachan/",
         "download_path" : "downloads/Konachan/",
         "index" : 2,
         "name" : "Konachan",
         "search_file_path" : "cache/Konachan/post.json",
         "search_url" : "http://konachan.com/post.json",
         "show_index_url" : "http://konachan.com/post/show/",
         "siteTypeInt" : 2,
         "site_type_string" : "moebooru",
         "tag_file_path" : "conf/tagsKonachan.json",
         "tag_url" : "http://konachan.com/tag.json?limit=0"
      },
      {
         "base_url" : "http://rule34.xxx",
         "cache_path" : "cache/Rule34/",
         "download_path" : "downloads/Rule34/",
         "index" : 3,
         "name" : "Rule34",
         "search_file_path" : "cache/Rule34/search.json",
         "search_url" : "http://rule34.xxx/index.php?page=dapi&json=1&s=post&q=index",
         "show_index_url" : "http://rule34.xxx/index.php?page=post&s=view&id=",
         "siteTypeInt" : 1,
         "site_type_string" : "gelbooru",
         "tag_file_path" : "conf/tagsRule34.json",
         "tag_url" : "http://rule34.xxx/index.php?page=dapi&s=tag&q=index&order=name&limit=0&json=1"
      },
      {
         "base_url" : "http://danbooru.donmai.us",
         "cache_path" : "cache/Danbooru/",
         "download_path" : "downloads/Danbooru/",
         "index" : 4,
         "name" : "Danbooru",
         "search_file_path" : "cache/Danbooru/posts.json",
         "search_url" : "http://danbooru.donmai.us/posts.json",
         "show_index_url" : "http://danbooru.donmai.us/posts/",
         "siteTypeInt" : 3,
         "site_type_string" : "danbooru",
         "tag_file_path" : "conf/tagsDanbooru.json",
         "tag_url" : "http://danbooru.donmai.us/tag.json"
      }
   ],
   "paths" : {
      "default_download_path" : ""
   },
   "settings" : {
      "api_key_derpibooru" : "",
      "booru_number" : 5,
      "config_file_version" : 1,
      "last_tag_refresh" : 0,
      "load_on_startup" : false,
      "picture_columns" : 5,
      "picture_number" : 15,
      "picture_rows" : 3,
      "preferred_booru" : 57542856,
      "preferred_rating" : 0,
      "window_h" : 768,
      "window_w" : 1024
   },
   "versions" : {
      "viewer" : {
         "last" : "1.12.1.0",
         "local" : "1.12.3.0"
      }
   }
}
