[{"id":86486,"name":"","count":0,"type":0,"ambiguous":false},{"id":88647,"name":"\u003E_\u003C","count":0,"type":0,"ambiguous":false},{"id":81657,"name":"_","count":0,"type":0,"ambiguous":true},{"id":82029,"name":"?","count":0,"type":0,"ambiguous":false},{"id":83947,"name":".","count":0,"type":0,"ambiguous":true},{"id":90245,"name":"'","count":0,"type":0,"ambiguous":false},{"id":87538,"name":")","count":0,"type":0,"ambiguous":false},{"id":88210,"name":"\\","count":0,"type":0,"ambiguous":false},{"id":89563,"name":"#","count":0,"type":0,"ambiguous":false},{"id":89550,"name":"#ヘスティア","count":0,"type":0,"ambiguous":false},{"id":82840,"name":"+)","count":1,"type":1,"ambiguous":false},{"id":86773,"name":"カティア","count":0,"type":0,"ambiguous":false},{"id":86774,"name":"レイトン","count":0,"type":0,"ambiguous":false},{"id":88141,"name":"おかざきみつき","count":0,"type":0,"ambiguous":false},{"id":79763,"name":"000078","count":1,"type":1,"ambiguous":false},{"id":85270,"name":"0000_(byoubyou)","count":3,"type":1,"ambiguous":false},{"id":87862,"name":"00047","count":1,"type":1,"ambiguous":false},{"id":56303,"name":"00111","count":8,"type":1,"ambiguous":false},{"id":86812,"name":"00giraffe","count":1,"type":1,"ambiguous":false},{"id":71123,"name":"00_qan[t]","count":1,"type":4,"ambiguous":false},{"id":81112,"name":"00_raiser","count":1,"type":4,"ambiguous":false},{"id":67753,"name":"0-1-0","count":1,"type":1,"ambiguous":false},{"id":77306,"name":"039love-s-c","count":1,"type":1,"ambiguous":false},{"id":85608,"name":"0731sa","count":1,"type":1,"ambiguous":false},{"id":17331,"name":"07-ghost","count":8,"type":3,"ambiguous":false},{"id":90521,"name":"0910popo","count":1,"type":1,"ambiguous":false},{"id":5530,"name":"0-jirow","count":1,"type":1,"ambiguous":false},{"id":71979,"name":"0m0ti","count":1,"type":1,"ambiguous":false},{"id":71232,"name":"0shizuki0","count":1,"type":1,"ambiguous":false},{"id":5979,"name":"0-torus","count":2,"type":3,"ambiguous":false},{"id":87340,"name":"1","count":0,"type":0,"ambiguous":false},{"id":85026,"name":"1000-chan","count":30,"type":4,"ambiguous":false},{"id":51425,"name":"1000marie","count":10,"type":1,"ambiguous":false},{"id":83959,"name":"1004","count":0,"type":0,"ambiguous":false},{"id":81138,"name":"101_(lo10)","count":4,"type":1,"ambiguous":false},{"id":83964,"name":"1027","count":0,"type":0,"ambiguous":false},{"id":19662,"name":"108","count":11,"type":1,"ambiguous":false},{"id":51704,"name":"108_(ginyirokoubou)","count":1,"type":1,"ambiguous":false},{"id":60054,"name":"108_gou","count":10,"type":1,"ambiguous":false},{"id":79844,"name":"108tooya","count":4,"type":1,"ambiguous":false},{"id":46361,"name":"10m","count":7,"type":1,"ambiguous":false},{"id":5191,"name":"10mo","count":2,"type":1,"ambiguous":false},{"id":34508,"name":"10mo4","count":1,"type":1,"ambiguous":false},{"id":78191,"name":"10ri","count":3,"type":1,"ambiguous":false},{"id":82627,"name":"10xxx05","count":2,"type":1,"ambiguous":false},{"id":82580,"name":"11","count":0,"type":0,"ambiguous":true},{"id":89216,"name":"1111","count":0,"type":0,"ambiguous":false},{"id":88004,"name":"1129","count":0,"type":0,"ambiguous":false},{"id":83963,"name":"11399","count":0,"type":0,"ambiguous":false},{"id":15170,"name":"119","count":51,"type":1,"ambiguous":false}]